bill	url	http_status	file	title
HB15	https://lis.virginia.gov/bill-details/20261/HB15	200	HB15.html	HB15
HB95	https://lis.virginia.gov/bill-details/20261/HB95	200	HB95.html	HB95
HB177	https://lis.virginia.gov/bill-details/20261/HB177	200	HB177.html	HB177
HB379	https://lis.virginia.gov/bill-details/20261/HB379	200	HB379.html	HB379
HB519	https://lis.virginia.gov/bill-details/20261/HB519	200	HB519.html	HB519
HB1001	https://lis.virginia.gov/bill-details/20261/HB1001	200	HB1001.html	HB1001
HB1252	https://lis.virginia.gov/bill-details/20261/HB1252	200	HB1252.html	HB1252
HB1259	https://lis.virginia.gov/bill-details/20261/HB1259	200	HB1259.html	HB1259
HB1309	https://lis.virginia.gov/bill-details/20261/HB1309	200	HB1309.html	HB1309
HB1408	https://lis.virginia.gov/bill-details/20261/HB1408	200	HB1408.html	HB1408
SB48	https://lis.virginia.gov/bill-details/20261/SB48	200	SB48.html	SB48
SB174	https://lis.virginia.gov/bill-details/20261/SB174	200	SB174.html	SB174
SB349	https://lis.virginia.gov/bill-details/20261/SB349	200	SB349.html	SB349
SB375	https://lis.virginia.gov/bill-details/20261/SB375	200	SB375.html	SB375
SB585	https://lis.virginia.gov/bill-details/20261/SB585	200	SB585.html	SB585
