state	topic	url	claim
AK	dormancy	https://unclaimedproperty.alaska.gov/docs/AK%20Property%20Types%20and%20Dormancy%20Periods.pdf	AS 34.45 (Uniform Unclaimed Property Act) may contain a dormancy-charge condition like other UUPA states; checking and savings accounts have a 5-year dormancy period.
AK	fee_authority	https://www.akleg.gov/basis/get_documents.asp?session=34&docid=11679	Division of Banking and Securities found no reference in Alaska Statutes or federal law to the amount of fees a bank or credit union can charge; only fee disclosure requirements identified.
AK	fee_authority	https://www.akleg.gov/basis/get_documents.asp?session=32&docid=78316	Alaska law lets state financial institutions exercise powers of, or be subject to limits on, federally chartered institutions if the department finds it serves public convenience and equalizes competition.
AL	garnishment_legal_process	https://judicial.alabama.gov/docs/library/rules/cv64_A.pdf	Up to $7,500 of personal property including bank accounts may be exempt from garnishment in some circumstances.
AL	fee_authority	https://alison.legislature.state.al.us/files/pdf/SearchableInstruments/2019RS/PrintFiles/SB33-Eng.pdf	Alabama credit unions have the power to assess each member a recurring or nonrecurring membership fee.
AR	fee_authority	https://www.arkleg.state.ar.us/Home/FTPDocument?path=%2FACTS%2F1997%2FPublic%2F408.pdf	Arkansas law authorizes state banks to engage in any banking activity in which they could engage if they were national banks (wild-card/parity).
AR	payee_returned_check	https://sas.arkansas.gov/wp-content/uploads/Bank-Authorization-Form-8.01.2025.pdf	Arkansas state agency bank-draft forms cite Ark. Code § 5-37-301 for a $25 returned item charge plus $2 service fee; a DFA statement describes a returned check fee of 10% of face or $20, whichever greater, not over $50. These are payee/state fees, not bank fees.
AZ	overdraft_nsf	https://www.azag.gov/press-release/attorney-general-mayes-fights-protect-consumers-high-overdraft-fees	The Arizona Attorney General supported federal CFPB limits on large banks' overdraft fees; no Arizona statute capping overdraft fees was found.
CA	returned_item	https://leginfo.legislature.ca.gov/faces/billTextClient.xhtml?bill_id=199920000AB1606	AB 1606 (1999-2000, Margett) would have added Fin. Code § 3351 capping a bank's returned-check / returned-deposit-item fee at $15 and requiring basic/no-frills and federal-deposit accounts to pay no more than other accounts.
CA	other	https://leginfo.legislature.ca.gov/faces/billTextClient.xhtml?bill_id=202520260AB2795	AB 2795 (Committee on Banking and Finance, 2025-26), 'Financial regulation', chaptered as Ch. 410, Stats. 2026 (approved Sept. 20, 2026); may amend credit union provisions.
CA	basic_account	https://leginfo.legislature.ca.gov/faces/billNavClient.xhtml?bill_id=202520260AB1365	AB 1365 (2025-26) would create a CalAccount Program offering a zero-fee, zero-penalty public transaction account.
CO	dormancy	https://law.justia.com/codes/colorado/2018/title-38/unclaimed-property/article-13/section-38-13-107/	Former C.R.S. § 38-13-107 barred a holder of bank deposits from deducting a service fee due solely to dormancy or inactivity unless an enforceable written contract allowed it. Appears to be the pre-2019 act, likely superseded by RUUPA (§ 38-13-602).
CO	fee_authority	https://law.justia.com/codes/colorado/title-11/credit-unions/article-30/section-11-30-104/	C.R.S. § 11-30-104 (credit union powers) and § 11-30-112 reference credit union fees; a search summary said credit unions may charge an entrance fee and annual membership fee that must be uniform to all members.
CO	garnishment_legal_process	https://content.leg.colorado.gov/sites/default/files/2019a_1189_signed.pdf	C.R.S. § 13-54-102 exempts a cumulative amount in the debtor's depository accounts from garnishment ($2,500 per older text; a search summary said later amendments raised it to $7,000). This is an exemption, not a bank fee rule.
CO	other	https://leg.colorado.gov/bills/hb25-1090	HB25-1090 (Protections Against Deceptive Pricing Practices) requires clear price disclosure and prohibits certain fees; whether it reaches deposit account fees or exempts financial institutions is unknown.
CO	payee_returned_check	https://content.leg.colorado.gov/sites/default/files/images/olls/crs2024-title-05.pdf	Colorado Consumer Credit Code allows a fee not exceeding $25 on return or dishonor of a check tendered as payment in a consumer credit transaction (creditor rule, not a bank deposit fee rule).
CT	returned_item	https://www.cga.ct.gov/2005/rpt/2005-R-0842.htm	Older OLR reports state neither Connecticut nor federal law caps bank fees for returned checks; fees are a matter of contract.
CT	fee_authority	https://www.cga.ct.gov/current/PUB/chap_665.htm	§ 36a-250 (bank powers) and § 36a-455a (credit union powers) may include parity provisions.
DC	dormancy	https://cfo.dc.gov/sites/default/files/dc/sites/ocfo/publication/attachments/ocfo_dc_unclaimed_property_law_title_41.pdf	Former D.C. Code § 41-106(e) barred holders from imposing dormancy charges on deposits without a written contract, regular imposition and written notice, limited to an amount not unconscionable.
DC	garnishment_legal_process	https://www.dccourts.gov/sites/default/files/pdf-forms/NoticeOfExemptionBeforeNewRule.pdf	DC Superior Court garnishment notices state that no funds may be attached from an account consisting solely of direct-deposited exempt benefits (Social Security, SSI, veterans, unemployment, TANF, workers' compensation, etc.).
DE	dormancy	https://vda.delaware.gov/?p=76	Delaware's unclaimed property law (12 Del. C. ch. 11, subch. II, revised by SB 13 in 2017) may limit dormancy or inactivity charges on deposit accounts, as the Uniform Unclaimed Property Act does.
FL	fee_authority	https://www.flsenate.gov/Laws/statutes/1999/657.031	Florida credit unions have the power to charge fees for their services.
FL	garnishment_legal_process	https://m.flsenate.gov/Statutes/655.0201	Fla. Stat. § 655.0201 makes a financial institution's designated place or registered agent the sole location for service of garnishment, levy and similar process.
GA	garnishment_legal_process	https://www.legis.ga.gov/api/document/docs/default-source/house-budget-and-research-office-document-library/2020-end-of-session-report-by-committee-with-vetoes.pdf	2020 Georgia garnishment legislation: statutory garnishee expenses do not interfere with any contractual arrangement for a garnishee (e.g., a bank) to reimburse itself for the costs of legal processing of a garnishment.
GA	dormancy	https://dbf.georgia.gov/document/document/2026-proposed-rulemaking-5-13-2026/download	Georgia DBF 2026 proposed rulemaking (May 13, 2026) appeared in dormant-account search results; it may amend the dormant account rules.
HI	dormancy	https://budget.hawaii.gov/wp-content/uploads/2026/01/Holder-Reporting-Guidelines-Revised-January-2026.pdf	HRS § 523A-6 (Uniform Unclaimed Property Act) addresses dormancy charges that holders may deduct before reporting; holder guidelines reference it.
HI	fee_authority	https://files.hawaii.gov/dcca/dfi/Laws_html/HRS0412/HRS_0412-0001-0109.htm	HRS § 412:1-109 defines 'comparable financial institution' (a Hawaii bank is comparable to a national bank; a Hawaii credit union to a federal credit union), which suggests a parity mechanism elsewhere in chapter 412; § 412:5-200 grants banks general power to accept deposits and engage in activities usual or incidental to banking.
HI	garnishment_legal_process	https://www.capitol.hawaii.gov/hrscurrent/Vol13_Ch0601-0676/HRS0652/HRS_0652-.htm	HRS chapter 651/652 exempt from attachment child support money commingled in a bank account and federal EITC / child tax credit refunds. These are exemptions, not bank fee limits.
IA	garnishment_legal_process	https://www.legis.iowa.gov/docs/ico/chapter/642.pdf	Iowa Code ch. 642 garnishment rules reference applicable fees related to issuance of a garnishment and require a supervised financial organization garnished for an account to monitor it monthly; no bank fee cap or exempt-funds fee rule was found.
ID	overdraft_nsf	https://adminrules.idaho.gov/rules/2018%20Archive/12/120104.pdf	Idaho credit union rules required share draft account operational specifications to include a summary of overdraft procedures and the fee charged for each overdraft.
ID	overdraft_nsf	https://www.finance.idaho.gov/wp-content/uploads/legal/guidance/archive/documents/ca_act_faq.pdf	Idaho Department of Finance guidance treats an overdraft fee as a finance charge on an extension of credit that collection agencies may collect for bank/credit union clients when based on agreement.
ID	payee_returned_check	https://legislature.idaho.gov/statutesrules/idstat/title28/t28ch42/sect28-42-308/	In a regulated consumer credit transaction a creditor may charge a dishonored check fee equal to the set collection fee under Idaho Code § 28-22-105 if contracted for.
IL	garnishment_legal_process	https://ilga.gov/documents/legislation/ilcs/documents/073500050K12-1001.htm	A $1,000 automatic exemption for a judgment debtor's funds, defined in a new 735 ILCS 5/12-1001.1, applies after a final judgment.
IL	overdraft_nsf	https://www.ilga.gov/Legislation/BillStatus/FullText?GAID=18&DocNum=4474&DocTypeID=HB&LegId=165196&SessionID=114	HB4474 (104th GA, 'BANKS-OVERDRAFT FEE BAN') would direct IDFPR to adopt rules prohibiting banks, savings banks and credit unions from charging NSF/overdraft and returned deposited item fees on consumer accounts, and would repeal a provision that authorizes overdraft fees.
IL	basic_account	https://www.ilga.gov/legislation/ilcs/ilcs3.asp?ActID=1189&ChapterID=20	Whether a monthly maintenance fee is capped or barred on the 205 ILCS 605/4 Basic Checking Account.
IN	dormancy	https://iga.in.gov/publications/senate_journal/js-apr21-2021-fortysixth.pdf	The current dormancy-charge provision is IC 32-34-1.5-28, effective July 1, 2021.
KS	fee_authority	https://kslegislature.gov/li_2022/b2021_22/statute/009_000_0000_chapter/009_017_0000_article/009_017_0015_section/009_017_0015_k/	K.S.A. 9-1715 lets the state bank commissioner, by special order, authorize state banks to engage in any activity that other insured banks (national, state or other-state) may engage in; this is a general parity power, not specific to fees.
KY	dormancy	https://apps.legislature.ky.gov/recorddocuments/bill/18RS/hb394/bill.pdf	A holder may deduct a dormancy charge from property delivered to the administrator only if a valid contract authorizes it and the holder regularly imposes and does not reverse it, in an amount that is not unconscionable.
KY	check_cashing	https://apps.legislature.ky.gov/recorddocuments/bill/19RS/hb452/orig_bill.pdf	A bank must cash free of charge, by end of day, a check drawn on an account at the bank when presented by the payee in Kentucky with sufficient funds; for checks not drawn on the bank, the fee may not exceed $4.
KY	fee_authority	https://apps.legislature.ky.gov/law/statutes/statute.aspx?id=14551	KRS 286.3-190 sets out powers of Kentucky state banks.
LA	check_cashing	https://www.legis.la.gov/legis/ViewDocument.aspx?d=875592	A payor state bank must pay a check drawn on it against an account with sufficient balance whether or not the payee holds an account at the bank; it may require identification; OFI enforces. Search summary attributed this to R.S. 10:4-112.
LA	fee_authority	https://www.legis.la.gov/legis/Law.aspx?d=106092	R.S. 6:667.1 gives federal credit unions and federally insured credit unions all rights, powers and privileges provided by Louisiana law (reverse parity).
LA	payee_returned_check	https://www.legis.la.gov/legis/LawPrint.aspx?d=106285	A payee or holder may charge the drawer of a dishonored check a service charge up to $25 or 5% of the check, whichever is greater, when making written demand.
MA	basic_account	https://www.mass.gov/info-details/savings-and-checking-accounts	Massachusetts Basic Banking Program: basic checking costs no more than $10 to open, no monthly fee at balances of $10 or more, at most $1/month below $10; basic savings at most $25 to open, at most $3/month, at least 15 free withdrawals (8 checks), at most $1 per extra withdrawal.
MA	dormancy	https://malegislature.gov/Bills/190/H2976.Html	H.2976 (190th General Court, 2017) would amend ch. 167D § 5 to bar a fee for inactive accounts.
MA	other	https://www.mass.gov/regulatory-bulletin/21-106-guidelines-for-18-65-accounts-for-banks-and-credit-unions	18-65 law for credit unions: exact ch. 171 section number added by St. 2020, c. 338 was not seen.
MD	fee_authority	https://mgaleg.maryland.gov/cmte_testimony/2021/fin/4303_03242021_8213-535.pdf	Maryland state-chartered credit unions may exercise the powers of federal credit unions on request and approval; a 2021 bill (HB1004) would streamline that parity approval.
MD	check_cashing	https://labor.maryland.gov/finance/consumers/frcheckcash.shtml	Licensed check cashers may charge up to 2% or $3, whichever is greater, for government checks; 2020 SB 939 (ch. 444) on check cashing services exempts federal and Maryland chartered financial institutions.
ME	overdraft_nsf	https://www1.maine.gov/pfr/financialinstitutions/sites/maine.gov.pfr.financialinstitutions/files/pdf/advisory-rulings/1990-04-02-Advisory-Ruling-95.pdf	9-B M.R.S. § 241(6) is referenced as the authority under which a bank's NSF charge is 'legally assessed'.
MI	garnishment_legal_process	https://legislature.mi.gov/documents/2023-2024/billengrossed/House/pdf/2023-HEBS-4900.pdf	HB 4900 (2023-24) would add MCL 600.4033: deposit accounts exempt up to the greater of $800 or a calculated amount of exempt-source deposits from the prior 90 days, and a financial institution could not charge a debtor a garnishment fee unless it is a reasonable fee disclosed in its regular fee schedule. It passed the Senate on December 20, 2024 (companion SB 408).
MI	overdraft_nsf	https://legislature.mi.gov/documents/2025-2026/billengrossed/Senate/pdf/2025-SEBS-0360.pdf	SB 360 (2025) passed the Senate on August 26, 2025; the Attorney General has an 'Overdraft Fee Rules' consumer page and an April 2025 press release on overdraft fees.
MN	garnishment_legal_process	https://www.revisor.mn.gov/bills/94/2025/0/HF/3188/versions/0/	HF 4100 (2024) and HF 3188 (2025) would bar financial institutions from charging debtors a fee for receiving a garnishment summons.
MN	check_cashing	https://www.revisor.mn.gov/rules/2872.0100/	Presumed fair fee for cashing a government check up to $500 is the greater of 2.5% or $1 (up to 5% for a first-time customer).
MN	fee_authority	https://www.revisor.mn.gov/statutes/2025/2025-10-19%2010:04:35+00:00/cite/48.61/pdf	A parity statute letting state banks do what national banks may do (beyond investments).
MO	overdraft_nsf	https://senate.mo.gov/03info/billtext/intro/sb346.htm	Text stating that any depository institution (state or federal bank, credit union, S&L) may charge up to $20 as an overdraft charge on first presentment or up to $15 for an item returned for insufficient funds (another version: no more than $15 for either).
MO	garnishment_legal_process	https://www.revisor.mo.gov/main/OneSection.aspx?section=525.235&bid=60211	Funds on deposit are not subject to garnishment if all funds are deposited electronically on a recurring basis and reasonably identified as exempt under RSMo 513.430.1(10)(a)-(c) or 31 C.F.R. Part 212; for accounts receiving exempt electronic deposits the attachment date is the day the institution performs the federal look-back.
MO	payee_returned_check	https://revisor.mo.gov/main/OneSection.aspx?section=400.4-401	A payee of a dishonored check may collect from the drawer $20 plus the depository institution's actual return charge.
MS	fee_authority	https://www.sos.ms.gov/adminsearch/ACCode/00000214c.pdf	A Department of Banking and Consumer Finance document refers to service charges assessed on demand deposit accounts under Miss. Code § 81-3-11.
MS	fee_authority	https://dbcf.ms.gov/banks-and-credit-unions/	The Commissioner of Banking and Consumer Finance may by rule authorize a Mississippi credit union to engage in any activity or exercise any power it could if it were a federal credit union (Miss. Code tit. 81, ch. 13).
MS	dormancy	https://treasury.ms.gov/wp-content/uploads/2020/06/Holder-Reporting-Instructions.pdf	Under the Mississippi unclaimed property act (Miss. Code tit. 89, ch. 12), a holder may deduct a dormancy-type charge from presumed-abandoned property only if a valid, enforceable written contract permits it, the holder regularly imposes and does not regularly reverse it, and the amount is not unconscionable.
MS	check_cashing	https://dbcf.ms.gov/wp-content/uploads/2020/06/Check-Casher-Regulations-Effective-12-1-12-PDF.pdf	Mississippi Check Cashers Act rules (Part 3, Ch. 3) regulate licensed check cashers.
MS	other	https://dbcf.ms.gov/wp-content/uploads/2026/05/Legislative-Update-for-Website.2026-Regular-Session.Revised.pdf	DBCF posts legislative updates for the 2025 and 2026 regular sessions; 2026 HB1597 ('Mississippi Fair Banking Standards Act') passed the House.
MT	garnishment_legal_process	https://leg.mt.gov/bills/mca/title_0250/chapter_0130/part_0060/section_0100/0250-0130-0060-0100.html	Earnings exempt under MCA 25-13-614 remain exempt for 45 days after receipt while traceable (MCA 25-13-610 tracing); HSAs/medical savings accounts exempt under 25-13-603.
NC	fee_change_notice	https://nccob.nc.gov/financial-institutions/banks-trusts/banking-frequently-asked-questions	NC Commissioner of Banks FAQ says banks may charge non-interest charges and fees, must disclose fees at account opening and give advance notice if fees change.
ND	payee_returned_check	https://ndlegis.gov/cencode/t06c08.pdf	Collection fees or costs for a check returned for nonsufficient funds may not exceed $40 (likely in N.D.C.C. ch. 6-08, around § 6-08-16).
ND	fee_authority	https://www.nd.gov/dfi/sites/www/files/documents/State%20Credit%20Union%20Board/Orders/SCUBOrder206052020.pdf	The State Credit Union Board issues parity orders letting state-chartered credit unions act as federal credit unions may (e.g., June 5, 2020 orders on public-unit and nonmember shares).
NE	garnishment_legal_process	https://www.nebraskalegislature.gov/laws/statutes.php?statute=25-1056	A financial institution garnishee must be paid a $15 fee by the plaintiff at service of a garnishment summons (taxed as costs; garnishment void if unpaid; separate fee per defendant), and if the institution may charge its customer a garnishment processing fee, the $15 received must be deducted from that customer fee. 'Financial institution' covers banks, savings banks, building and loan and savings and loan associations, and credit unions, whether federally or state chartered.
NE	overdraft_nsf	https://makecentsmakesense.nebraska.gov/overdraft-fees-what-you-need-know	A Nebraska state consumer page 'Overdraft Fees: What You Need to Know' exists.
NH	other	https://gc.nh.gov/rsa/html/NHTOC/NHTOC-XXXV-384-G.htm	RSA 384-G:7 is titled 'Overdraft Accounts' within RSA 384-G (Regulation of Revolving Credit Plans).
NH	atm	https://gc.nh.gov/rsa/html/xxxv/383-b/383-b-mrg.htm	RSA 383-B search summary mentioned ATM disclosure requirements.
NJ	overdraft_nsf	https://pub.njleg.gov/bills/9899/A1500/1317_I1.PDF	Bill text would have the Commissioner of Banking set by regulation the maximum fee for a check drawn on insufficient or uncollected funds, and bar any fee on a deposited item returned unpaid when the payee is someone other than the depositor.
NJ	garnishment_legal_process	https://www.njcourts.gov/sites/default/files/forms/12323_obj_bank_levy.pdf	A levy must exclude all funds in an account if all deposits in the 90 days before the writ were recurring electronic deposits of exempt funds; garnishee must protect the exempt amount and preserve access.
NJ	garnishment_legal_process	https://pub.njleg.state.nj.us/Bills/2024/A4000/3513_I1.PDF	$10,000 in a deposit account ($15,000 joint) exempt from execution; garnishee to garnish only the excess.
NJ	overdraft_nsf	https://pub.njleg.gov/bills/2016/A5000/4965_I1.HTM	Bill text would bar financial institutions from charging overdraft or NSF fees on prepaid accounts, with civil penalty up to $1,000 per day.
NM	dormancy	https://www.nmlegis.gov/Sessions/23%20Regular/final/HB0165.pdf	HB 165 (2023) would enact the Revised Uniform Unclaimed Property Act (NMSA 7-8B), with § 7-8B-602 allowing a dormancy charge deduction only under a valid contract in a record, regularly imposed and not regularly reversed, and limited to an amount that is not unconscionable; it repeals the prior Uniform Unclaimed Property Act (7-8A).
NM	overdraft_nsf	https://www.srca.nm.gov/parts/title03/03.002.0219.html	Small loan licensees (not banks) may charge at most $15 for a check or debit returned for insufficient funds, one fee per item, under NMSA § 58-15-20.
NV	garnishment_legal_process	https://archive.leg.state.nv.us/Session/83rd2025/Bills/SB/SB142_R1.pdf	SB 142 (2025, 83rd Session) would replace the $2,000/$400 two-tier bank account exemption in NRS 21.105 with a flat $5,000 exemption regardless of deposit source, and have the Department of Taxation adjust exemption amounts every 3 years.
NY	overdraft_nsf	https://www.steptoe.com/en/news-publications/nydfs-proposals-target-overdraft-fees.html	The 2025 DFS pre-proposal would also require at least 30 days' notice before an increase in NSF or overdraft fees and require fees to be a fixed amount, with the NSF fee not above the overdraft fee.
NY	dormancy	https://www.nysenate.gov/legislation/bills/2025/S4109	2025 S4109 would extend dormancy periods for many accounts from three to five years.
NY	overdraft_nsf	https://www.nysenate.gov/legislation/bills/2025/S7031	A bill would amend Banking Law § 456 to bar credit unions from imposing an overdraft or NSF fee within 10 days of the transaction, during which the member may cover it.
OH	returned_item	https://codes.ohio.gov/ohio-revised-code/section-1109.20	R.C. 1109.20 lets a bank charge, as interest, fees agreed with the borrower including charges for return of a dishonored check; this is a lending/interest provision, not a deposit account fee rule.
OH	garnishment_legal_process	https://codes.ohio.gov/ohio-revised-code/section-2716.05	R.C. 2716.13 / 2716.05 allow an employer garnishee a processing fee up to $3 per pay period on continuous earnings garnishments.
OK	returned_item	https://oksenate.gov/sites/default/files/2019-12/os6.pdf	Deferred deposit lenders (payday lenders) may charge a dishonored instrument charge of up to $25 and may not charge to cash their own instrument (Title 59, Deferred Deposit Lending Act).
OK	dormancy	https://www.oklegislature.gov/cf_pdf/2025-26%20ENR/SB/SB999%20ENR.PDF	Enrolled SB 999 (2025-26 session) amends the Unclaimed Property Act; effect on § 652 not checked.
OR	other	https://dfr.oregon.gov/laws-rules/Documents/Bulletins/Bulletin2025-7.pdf	DFR Bulletin 2025-7 directs/asks depository institutions to waive overdraft and NSF fees for affected Oregon residents (appears to be emergency/disaster guidance).
OR	check_cashing	https://olis.oregonlegislature.gov/liz/2021R1/Downloads/MeasureDocument/HB2356	A state credit union operating in Oregon may not charge a customer a fee for cashing a check drawn on an account at that credit union if presented in Oregon; 'state credit union' includes credit unions chartered under ORS ch. 723 or another state's laws.
RI	overdraft_nsf	https://webserver.rilegislature.gov/BillText12/SenateText12/S2437.htm	Text amending R.I. Gen. Laws § 19-9-21.1 would bar an overdraft fee when the day's aggregate overdraft is under $10 and bar more than three overdraft fees per calendar day unless the day's aggregate overdraft exceeds $100.
RI	fee_change_notice	https://webserver.rilegislature.gov/Statutes/TITLE19/19-9/INDEX.htm	R.I. Gen. Laws § 19-9-21.1 ('Fee disclosure by banks, credit unions and other financial institutions') requires a notice enumerating charges the institution imposes of which customers may not be aware.
RI	overdraft_nsf	https://webserver.rilegislature.gov/BillText12/SenateText12/S2437.htm	R.I. Gen. Laws § 19-9-21.1 (fee disclosure by banks, credit unions and other financial institutions) would bar an overdraft fee when the day's aggregate overdraft is under $10 and more than 3 overdraft fees a day unless the day's overdraft exceeds $100.
SC	overdraft_nsf	https://www.scstatehouse.gov/sess121_2015-2016/bills/3746.htm	A proposed S.C. Code § 34-3-120 would require a state-chartered bank that charges an overdraft or NSF fee to remit those fees to the State Treasurer for the State Highway Fund.
SC	dormancy	https://www.scstatehouse.gov/billsearch.php?billnumbers=3532&session=107&summary=B	A bill would bar any bank, savings and loan, credit union or other deposit-taking institution in South Carolina from levying a service charge or fee against an account because of inactivity.
SC	dormancy	https://www.scstatehouse.gov/sess123_2019-2020/bills/524.htm	Chapter 18 of Title 27 (1988 Uniform Unclaimed Property Act) may have been, or was proposed to be, repealed and replaced by a Chapter 17 'Revised Uniform Unclaimed Property Act of 2019'.
SD	garnishment_legal_process	https://mylrc.sdlegislature.gov/api/Documents/298729.htm	SDCL § 21-18-9 requires that a garnishee (such as a bank) be paid a fee for preparing the garnishment disclosure, taxed as the plaintiff's costs; 2026 HB 1179 would raise it from $15 to $40. A different search summary gave $50.
SD	garnishment_legal_process	https://ujs.sd.gov/files/garnishment-cover-sheet/	Garnishees are told to retain an amount only if it is $25.00 or more.
TN	returned_item	https://www.capitol.tn.gov/Bills/114/Fiscal/SB0766.pdf;	Tenn. Code Ann. § 47-29-102 authorizes a handling charge of up to $30 (raised from $20) when a check, draft or order is not paid because the drawer had no account, insufficient funds, or an incorrect or insufficient signature. One official fiscal note describes the charge as assessed by 'the financial institution'.
TN	overdraft_nsf	https://www.tn.gov/tdfi/bank-trust/banking/bank-bulletins/bulletin-b-04-1.html	TDFI Bulletin B-04-1 gives guidance on overdraft programs, noting that a written obligation to pay overdrafts may make the program open-end credit subject to state interest, finance charge and disclosure statutes.
TX	garnishment_legal_process	https://www.bills.com/learn/debt/texas-collection-laws	Texas law lets a garnishee bank recover its costs and fees out of the garnished account first, and from the creditor if the account is empty.
TX	other	https://cud.texas.gov/wp-content/uploads/2026/04/FINANCE-CODE-REV-06-25.pdf	Tex. Fin. Code § 59.006 is the exclusive method for compelled discovery of a financial institution's customer records and requires the requesting party to pay or bond the institution's costs.
UT	garnishment_legal_process	https://legacy.utcourts.gov/rules/view.php?type=urcp&rule=64d	Under Utah R. Civ. P. 64D the creditor pays the garnishee's fee directly to the garnishee (e.g. a bank); exempt funds (Utah Exemptions Act, Utah Code 78B-5-501 et seq., incl. 78B-5-505) should not be taken from a garnished account, but the debtor must claim them within 14 days.
VT	fee_authority	https://legislature.vermont.gov/statutes/section/08/221/31405	A Vermont credit union may at its option impose an entrance fee or annual membership fee on all members (8 V.S.A. ch. 221; search pointed to § 31405).
WA	overdraft_nsf	https://dfi.wa.gov/documents/reports/overdraft-legislative-report.pdf	DFI's overdraft legislative report and FAQ say banks decide their own fee schedules and overdraft policies subject to disclosure; DFI issued guidance and best practices for overdraft protection programs (not a rule).
WY	dormancy	https://statetreasurer.wyo.gov/wp-content/uploads/2020/04/AnnualReportChecklist.pdf	Wyoming's Uniform Unclaimed Property Act is W.S. 34-24-101 to -140; it may contain a dormancy/service-charge provision for deposits. A definition of stored-value card 'net card value' refers to 'any service charge, fee or dormancy charge permitted by law', and a 2022-23 Revised Uniform Unclaimed Property Act draft (23LSO-0275) was prepared.
WY	garnishment_legal_process	https://www.wyocourts.gov/legal-help-by-topic/garnishment/	Wyoming Judicial Branch self-help guidance says exempt funds in a garnished bank account (other than federal benefits) are not automatically protected and must be claimed by objection; even if released as exempt, the debtor remains liable for NSF fees, garnishment fees and costs, and the bank will probably charge a garnishment fee. Writs of garnishment are W.S. 1-15-401 to -425; exemptions are W.S. ch. 1-20.
WY	fee_authority	https://wyoleg.gov/2016/Introduced/HB0124.pdf	W.S. 9-21-110: 'The administrator by rule may establish fees, service charges and penalties to be charged to a depository account holder ... including a fee for an overdraft, an insufficient fund check or draft or a stop payment order.'
