row,fee_line,institution,amount,local_median,middle_half_low,middle_half_high,competitors,competitors_charging_less,position,schedule_line,source_url,schedule_read_on
yours,Monthly maintenance (entry checking),Ambler Savings Bank,8.95,5,4.7125,5.75,16,13,above_market,"You must deposit $50.00 to open the account. A Maintenance Service Charge of $8.95 will be imposed every statement cycle if the daily balance on any day of the statement cycle falls below $1,500.00.",https://www.amblersav.com/disclosures/,2026-10-03
yours,Overdraft (per item),Ambler Savings Bank,29,35,30,35,21,5,below_market,Overdraft/Non-sufficient Funds (NSF) 2 | $29,https://www.amblersav.com/disclosures/,2026-10-03
yours,NSF / returned item,Ambler Savings Bank,29,35,28.5,35,15,4,in_market,Returned Item Fee3 | $29,https://www.amblersav.com/disclosures/,2026-10-03
yours,Out-of-network ATM,Ambler Savings Bank,,,,,11,,,,,
yours,Outgoing domestic wire,Ambler Savings Bank,20,25,20,30,19,1,in_market,Outgoing | $20,https://www.amblersav.com/disclosures/,2026-10-03
yours,Outgoing international wire,Ambler Savings Bank,,,,,15,,,,,
yours,Incoming domestic wire,Ambler Savings Bank,10,14,6.75,15,10,3,in_market,Incoming | $10,https://www.amblersav.com/disclosures/,2026-10-03
yours,Stop payment,Ambler Savings Bank,25,34,30,35,25,4,below_market,Stop Payment | $25,https://www.amblersav.com/disclosures/,2026-10-03
yours,Cashier's check,Ambler Savings Bank,5,10,8,10,25,1,below_market,Bank/Cashier’s Checks | $5,https://www.amblersav.com/disclosures/,2026-10-03
yours,Overdraft protection transfer,Ambler Savings Bank,,,,,6,,,,,
yours,Paper statement,Ambler Savings Bank,5,3,3,3,9,7,above_market,"Paper Statement (Honors Banking Only) | $5 per month, per account",https://www.amblersav.com/disclosures/,2026-10-03
yours,Debit card replacement,Ambler Savings Bank,15,9,5,10,18,17,above_market,Personal Debit Card Replacement | $15,https://www.amblersav.com/disclosures/,2026-10-03
yours,Deposited item returned,Ambler Savings Bank,8,15,15,22.5,11,1,below_market,Return Deposit Item | $8,https://www.amblersav.com/disclosures/,2026-10-03
competitor,Monthly maintenance (entry checking),KeyBank National Association,0,,,,,,,No fee Monthly Maintenance Service Charge,https://www.key.com/content/dam/kco/documents/personal/key_smart_checking_fee_transparency.pdf,2026-10-07
competitor,Monthly maintenance (entry checking),3Hill Federal Credit Union,0,,,,,,,Monthly Service Fee | No Charge*,https://my.homecu.net/fi/nbcu/pdf/fees.pdf,2026-10-08
competitor,Monthly maintenance (entry checking),"TD Bank, National Association",3,,,,,,,"Paper statements | $3 monthly fee | Free for customers aged 60+, otherwise $3 monthly fee | $1 monthly fee",https://www.td.com/us/en/personal-banking/checking-accounts?cm_sp=b000-80-0591,2026-10-06
competitor,Monthly maintenance (entry checking),First Citizens Community Bank,4,,,,,,,"To avoid the $4 monthly maintenance fee and unlock your rewards for that period, 12 or more qualifying debit transactions must post and settle during the calendar month.",https://www.firstcitizensbank.com/personal/personal-checking/personal-checking-suite.html,2026-10-07
competitor,Monthly maintenance (entry checking),Manufacturers and Traders Trust Company,4.95,,,,,,,Monthly Maintenance Charge | $4.95/month,https://www.mtb.com/personal/checking-accounts,2026-10-05
competitor,Monthly maintenance (entry checking),"JPMorgan Chase Bank, National Association",5,,,,,,,Monthly Service Fee* | $5,https://www.chase.com/content/dam/chase-ux/documents/personal/checking/ABSF-en.pdf,2026-10-08
competitor,Monthly maintenance (entry checking),"Wells Fargo Bank, National Association",5,,,,,,,Monthly service fee | $5,https://www.wellsfargo.com/checking/clear-access-banking/account-fees-summary/,2026-10-09
competitor,Monthly maintenance (entry checking),"PNC Bank, National Association",5,,,,,,,Monthly Service Charge .................................................................................................................. $5.00,https://www.pnc.com/content/dam/pnc-com/pdf/personal/Checking/all-ServiceChargesA.pdf,2026-10-05
competitor,Monthly maintenance (entry checking),Truist Bank,5,,,,,,,Monthly Maintenance | $5.00 | $0 | $0,https://www.truist.com/content/dam/truist-bank/us/en/documents/rates-fees/personal/truist-one-personal-deposit-accounts-fee-schedule.pdf,2026-10-08
competitor,Monthly maintenance (entry checking),"Citizens Bank, National Association",5,,,,,,,maintenance $5,https://www.citizensbank.com/dam/ceb2aa29-d6d9-4973-8a02-b3fa012f5f28/personal-fees-original-file.pdf,2026-10-09
competitor,Monthly maintenance (entry checking),Customers Bank,5,,,,,,,"In order to avoid a fee, you must maintain | A minimum of $1,000.00 at all times. If you do not, a monthly fee of $5.00 will be assessed.",https://www.customersbank.com/consumer-disclosures/,2026-10-07
competitor,Monthly maintenance (entry checking),"Wilmington Savings Fund Society, FSB",5,,,,,,,Monthly Maintenance Charge – $5,https://www.wsfsbank.com/personal/banking/savings/core-savings-account/account-details/,2026-10-06
competitor,Monthly maintenance (entry checking),"Bank of America, National Association",8,,,,,,,Bank of America | Monthly maintenance fee - $8.00 | Additional account details:,https://www.bankofamerica.com/salesservices/deposits/resources/personal-schedule-fees/?cm_mmc=EBZ-FactsAboutFees-_-vanity-_-RC01VN000A_fees-_-03282017,2026-10-05
competitor,Monthly maintenance (entry checking),First National Bank of Pennsylvania,10,,,,,,,Monthly Service Charge: $10.00,https://www.fnb-online.com/-/media/fnbonline/files/feature/applicationdocuments/consumer-fee-schedule.pdf,2026-10-06
competitor,Monthly maintenance (entry checking),Utilities Employees Federal Credit Union,12,,,,,,,Green Light Checking™ (second chance checking) – A $12 monthly service fee. No minimum balance requirement.,https://uecu.org/feeschedule/,2026-10-07
competitor,Monthly maintenance (entry checking),"Fulton Bank, National Association",30,,,,,,,Account Maintenance Fee | $30.00 | Per Month,https://www.fultonbank.com/-/media/Files/Disclosures/CRA/PDFs/Retail-Banking-Services/2024/Fee-Schedules_combined.pdf,2026-10-05
competitor,Overdraft (per item),"Bank of America, National Association",10,,,,,,,"Overdraft Items | Overdraft Item Fee | $10.00 each item | • During end-of-day processing, when we determine that you do not have enough available funds",https://www.bankofamerica.com/salesservices/deposits/resources/personal-schedule-fees/?cm_mmc=EBZ-FactsAboutFees-_-vanity-_-RC01VN000A_fees-_-03282017,2026-10-05
competitor,Overdraft (per item),Manufacturers and Traders Trust Company,15,,,,,,,"Overdraft Fee | $15.00 for each overdraft item we pay, unless one of the following exceptions apply:",https://www.mtb.com/content/dam/mtb-web/pdfs/checking.fee.transparency.guide.pdf,2026-10-06
competitor,Overdraft (per item),3Hill Federal Credit Union,20,,,,,,,Courtesy Pay Per Item | $20.00,https://my.homecu.net/fi/nbcu/pdf/fees.pdf,2026-10-08
competitor,Overdraft (per item),Reliance Federal Credit Union,25,,,,,,,Courtesy Pay | $25.00,https://reliancefcu.com/fee-schedule,2026-10-05
competitor,Overdraft (per item),Utilities Employees Federal Credit Union,28,,,,,,,"Overdraft (check, debit item, ACH, or other electronic debit) | $28.00 per presentment",https://uecu.org/feeschedule/,2026-10-07
competitor,Overdraft (per item),Riverfront Federal Credit Union,30,,,,,,,Overdraft (overdrawing an account) ................ $30/presentment | Real estate loan cancellation....................................Actual Cost,https://riverfrontfcu.org/PDFs/Rate-and-Fee-Disclosure/Rate-and-Fee-Disclosure.pdf,2026-10-07
competitor,Overdraft (per item),"Fulton Bank, National Association",32,,,,,,,Overdraft Fee5 (per paid item) | $32.00,https://www.fultonbank.com/-/media/Files/Disclosures/CRA/PDFs/Retail-Banking-Services/2024/Fee-Schedules_combined.pdf,2026-10-05
competitor,Overdraft (per item),Woodforest National Bank,32,,,,,,,Overdraft Item (OD) | $32.00,https://www.woodforest.com/media/45xbzrow/fee-sched-wnb_2025.pdf,2026-10-07
competitor,Overdraft (per item),"JPMorgan Chase Bank, National Association",34,,,,,,,$34 Overdraft Fee per transaction,https://www.chase.com/content/dam/chase-ux/documents/personal/checking/ABSF-en.pdf,2026-10-08
competitor,Overdraft (per item),"Wells Fargo Bank, National Association",35,,,,,,,"Our overdraft fee for Consumer checking accounts is $35 per item (whether the overdraft is by check, ATM withdrawal, debit card transaction, or other electronic means), and we charge no more than three overdraft fees per business day.",https://www.wellsfargo.com/checking/compare-checking-accounts/,2026-10-07
competitor,Overdraft (per item),"TD Bank, National Association",35,,,,,,,Expedited debit card delivery . . . . . . . . . . . . . . . . . . . . . . . . . . . . . . . . .$32.00 | Overdraft – paid per day per account11 . . . . . . . . . . . . . . . . . . . . . . . . . .$35.00,https://www.td.com/content/dam/tdb/document/pdf/personal-banking/1-fees-en.pdf,2026-10-06
competitor,Overdraft (per item),"Citizens Bank, National Association",35,,,,,,,Overdraft Fee | $35 Per item paid if your account is overdrawn,https://www.citizensbank.com/dam/ceb2aa29-d6d9-4973-8a02-b3fa012f5f28/personal-fees-original-file.pdf,2026-10-09
competitor,Overdraft (per item),First National Bank of Pennsylvania,35,,,,,,,"Overdraft Fee $35.00 per item | amount available in your funding account, the entire available amount",https://www.fnb-online.com/feeschedule,2026-10-05
competitor,Overdraft (per item),"Wilmington Savings Fund Society, FSB",35,,,,,,,Overdraft Fee (Paid Items) – $35 for each item over $10 that we pay that creates an overdraft balance or increases the overdraft balance of more than $50 (but not more than three Overdraft Fees in any business day),https://www.wsfsbank.com/personal/banking/checking/everyday-banking/account-details/,2026-10-06
competitor,Overdraft (per item),First Citizens Community Bank,35,,,,,,,Paid Item Fee* | $35,https://www.firstcitizensbank.com/_/kcms-doc/263/90572/03.01.2025-FCCB-Fee-Schedule.pdf,2026-10-07
competitor,Overdraft (per item),The Bank of Princeton,35,,,,,,,Overdraft Fee $35.00,https://thebankofprinceton.com/assets/files/hH0xcC7R,2026-10-08
competitor,Overdraft (per item),"PNC Bank, National Association",36,,,,,,,Overdraft Item Fee.....................................................................................................................$36.00 per item,https://www.pnc.com/content/dam/pnc-com/pdf/personal/Checking/all-ServiceChargesA.pdf,2026-10-05
competitor,Overdraft (per item),Truist Bank,36,,,,,,,"Overdraft (OD) Fee2 | $36.00 per item, per occurrence",https://www.truist.com/content/dam/truist-bank/us/en/documents/rates-fees/personal/truist-one-personal-deposit-accounts-fee-schedule.pdf,2026-10-05
competitor,Overdraft (per item),The Ephrata National Bank,37,,,,,,,"Overdraft*$37/Item(Created by check, in person or ATM withdrawal, or other electronic means)",https://www.epnb.com/schedule-of-service-fees/,2026-10-05
competitor,Overdraft (per item),Tompkins Community Bank,38,,,,,,,»Overdraft Fee ‐ Paid* $38.00 per transaction,https://www.tompkinsbank.com/assets/files/rBHd2T2p,2026-10-06
competitor,Overdraft (per item),"Jonestown Bank and Trust Company, of Jonestown, Pennsylvania",39,,,,,,,"• Personal Account Overdraft Fee – per item created by check, draft, ACH, ATM withdrawal, debit card transaction, or other electronic funds transfers – charged when an item is paid... $39.00",https://www.jbt.bank/fee-schedule/,2026-10-08
competitor,NSF / returned item,"PNC Bank, National Association",0,,,,,,,Returned Item Fee ............................................................................................................................. No Charge,https://www.pnc.com/content/dam/pnc-com/pdf/personal/Checking/fees-vw-performance-select-A.pdf,2026-10-06
competitor,NSF / returned item,3Hill Federal Credit Union,15,,,,,,,Non-Sufficient Funds (NSF)/Return Fee Per Presentment (Based on available account balance) | $15.00,https://my.homecu.net/fi/nbcu/pdf/fees.pdf,2026-10-08
competitor,NSF / returned item,"Hatboro Federal Savings, FA",25,,,,,,,"• NSF Fee - Check, EFT or ACH Debit return fee due to non-sufficient funds. | $25.00",https://www.hatborofed.com/wp-content/uploads/2026/02/HFS-Disclosure_FEE-SCHEDULE_Effective-with-HIGH-INTEREST-CHECKING-2-4-26.pdf,2026-10-05
competitor,NSF / returned item,Utilities Employees Federal Credit Union,28,,,,,,,"Non- Sufficient Funds (NSF) (check, debit item, ACH, or other electronic debit) | $28.00 per item",https://uecu.org/feeschedule/,2026-10-07
competitor,NSF / returned item,First National Bank of Pennsylvania,29,,,,,,,Returned Item Fee $29.00 per item | amount. All transfers are subject to availability of funds in the funding,https://www.fnb-online.com/feeschedule,2026-10-05
competitor,NSF / returned item,Riverfront Federal Credit Union,30,,,,,,,Return item – Non-Sufficient funds (NSF)4 ..... $30/presentment | • Consumer loan ......................................... 3% of loan payment,https://riverfrontfcu.org/PDFs/Rate-and-Fee-Disclosure/Rate-and-Fee-Disclosure.pdf,2026-10-07
competitor,NSF / returned item,Diamond Federal Credit Union,32,,,,,,,ACH and Wires (Electronic Transfers) | Returned Share Draft Fee | $32.00 | transactions.,https://diamondcu.org/wp-content/uploads/Member-Fee-Schedule.pdf,2026-10-08
competitor,NSF / returned item,Woori America Bank,35,,,,,,,Insufficient Funds (NSF)/Uncollected Balances (UCF)1 | $35 /per item | Account Reconciliation/Research (1 hour minimum) | $30 /hour,https://www.wooriamericabank.com/Fee-Schedule,2026-10-04
competitor,NSF / returned item,First Citizens Community Bank,35,,,,,,,Returned Item Fee* | $35,https://www.firstcitizensbank.com/_/kcms-doc/263/90572/03.01.2025-FCCB-Fee-Schedule.pdf,2026-10-07
competitor,NSF / returned item,Penn Community Bank,35,,,,,,,Nonsufficient (NSF) or Uncollected Funds 4 | $35,https://www.penncommunitybank.com/wp-content/uploads/2025/06/consumer-deposit-account-schedule-of-fees-effective-061625.pdf,2026-10-05
competitor,NSF / returned item,The Bank of Princeton,35,,,,,,,Insufficient Funds Item Returned Fee $35.00,https://thebankofprinceton.com/assets/files/hH0xcC7R,2026-10-08
competitor,NSF / returned item,Reliance Federal Credit Union,35,,,,,,,NSF | $35.00,https://reliancefcu.com/fee-schedule,2026-10-03
competitor,NSF / returned item,The Ephrata National Bank,37,,,,,,,"Insufficient Funds*$37/Item(Created by check, in person or ATM withdrawal, or other electronic means)",https://www.epnb.com/schedule-of-service-fees/,2026-10-05
competitor,NSF / returned item,"Fulton Bank, National Association",39,,,,,,,NSF Fee 6 (non‐sufficient funds) (per returned item) | $39.00 | Per Item,https://www.fultonbank.com/-/media/Files/Disclosures/CRA/PDFs/Retail-Banking-Services/2024/Fee-Schedules_combined.pdf,2026-10-05
competitor,NSF / returned item,"Jonestown Bank and Trust Company, of Jonestown, Pennsylvania",39,,,,,,,"• Personal Account Overdraft Fee – per item created by check, draft, ACH, ATM withdrawal, debit card transaction, or other electronic funds transfers – charged when an item is paid... $39.00",https://www.jbt.bank/fee-schedule/,2026-10-08
competitor,Outgoing domestic wire,Beal Bank USA,15,,,,,,,Wire transfer - domestic | $15.00,https://www.bealbank.com/bbusa/cd-savings/cd-rates/truth-in-savings,2026-10-05
competitor,Outgoing domestic wire,Truist Bank,20,,,,,,,Outgoing Domestic Wire Transfer4 | $20.00 per transfer,https://www.truist.com/content/dam/truist-bank/us/en/documents/rates-fees/personal/truist-one-personal-deposit-accounts-fee-schedule.pdf,2026-10-05
competitor,Outgoing domestic wire,Customers Bank,20,,,,,,,Domestic Outgoing Wire Transfer | $20.00,https://www.customersbank.com/consumer-disclosures/,2026-10-07
competitor,Outgoing domestic wire,Penn Community Bank,20,,,,,,,"Outgoing, Domestic | $20",https://www.penncommunitybank.com/wp-content/uploads/2025/06/consumer-deposit-account-schedule-of-fees-effective-061625.pdf,2026-10-05
competitor,Outgoing domestic wire,QNB Bank,20,,,,,,,Wire transfer fee - outgoing (domestic) | $20.00,https://www.qnbbank.com/personal/personal-fee-schedule/,2026-10-07
competitor,Outgoing domestic wire,3Hill Federal Credit Union,20,,,,,,,Personal Account Wire Transfer Outgoing (domestic) | $20.00,https://my.homecu.net/fi/nbcu/pdf/fees.pdf,2026-10-08
competitor,Outgoing domestic wire,"PNC Bank, National Association",25,,,,,,,Self-Service Outgoing .................................................................................................................. $25.00 each,https://www.pnc.com/content/dam/pnc-com/pdf/personal/Checking/fees-vw-A.pdf,2026-10-06
competitor,Outgoing domestic wire,"Santander Bank, N.A.",25,,,,,,,Domestic Outgoing Wire Transfer Fee | $25 | $15 for Santander Select Checking and Santander Select,https://assets.santandermedia.com/adobe/assets/urn:aaid:aem:d2633f00-884e-46c4-a669-0004b2a6c584/original/as/Personal-Deposit-Account-Fee-Schedule.pdf,2026-10-08
competitor,Outgoing domestic wire,Tompkins Community Bank,25,,,,,,,Wire Transfer ‐ Outgoing Domestic $25.00 per wire,https://www.tompkinsbank.com/assets/files/rBHd2T2p,2026-10-06
competitor,Outgoing domestic wire,Fleetwood Bank,25,,,,,,,Domestic Outgoing | $25.00 per wire,https://www.fleetwoodbank.com/personal/other-services,2026-10-09
competitor,Outgoing domestic wire,"Bank of America, National Association",30,,,,,,,"Miscellaneous | Wire Transfers, Incoming or | • Domestic outgoing wire: $30 | • Bank of America Advantage Relationship Banking, Bank of America Advantage® with Tiered",https://www.bankofamerica.com/salesservices/deposits/resources/personal-schedule-fees/?cm_mmc=EBZ-FactsAboutFees-_-vanity-_-RC01VN000A_fees-_-03282017,2026-10-08
competitor,Outgoing domestic wire,"TD Bank, National Association",30,,,,,,,Outgoing wire (domestic). . . . . . . . . . . . . . . . . . . . . . . . . . . . . . . . . . . . $ 30.00,https://www.td.com/content/dam/tdb/document/pdf/personal-banking/1-fees-en.pdf,2026-10-06
competitor,Outgoing domestic wire,KeyBank National Association,30,,,,,,,$30.00 Wire Transfer Domestic Outgoing,https://www.key.com/content/dam/kco/documents/personal/key_smart_checking_fee_transparency.pdf,2026-10-07
competitor,Outgoing domestic wire,First National Bank of Pennsylvania,30,,,,,,,Outgoing Wire (Depositors Only) Domestic $30.00 each,https://www.fnb-online.com/feeschedule,2026-10-05
competitor,Outgoing domestic wire,"Fulton Bank, National Association",30,,,,,,,Wire Domestic Outgoing Fee (USD)* | $30.00,https://www.fultonbank.com/-/media/Files/Disclosures/CRA/PDFs/Retail-Banking-Services/2024/Fee-Schedules_combined.pdf,2026-10-05
competitor,Outgoing domestic wire,First Citizens Community Bank,30,,,,,,,Domestic Wire Transfer Outgoing (Domestic) (customers only) | $30,https://www.firstcitizensbank.com/_/kcms-doc/263/90572/03.01.2025-FCCB-Fee-Schedule.pdf,2026-10-07
competitor,Outgoing domestic wire,"Wilmington Savings Fund Society, FSB",32,,,,,,,Outgoing Domestic (per wire) – $32.00,https://www.wsfsbank.com/personal/banking/deposit-services-cost-summary/,2026-10-05
competitor,Outgoing domestic wire,Woodforest National Bank,35,,,,,,,Domestic Outgoing $35.00,https://www.woodforest.com/media/45xbzrow/fee-sched-wnb_2025.pdf,2026-10-07
competitor,Outgoing domestic wire,Reliance Federal Credit Union,50,,,,,,,Wire Transfer (Outgoing) | $50.00,https://reliancefcu.com/fee-schedule,2026-10-05
competitor,Incoming domestic wire,Beal Bank USA,0,,,,,,,Wire transfer - incoming | NO CHARGE,https://www.bealbank.com/bbusa/cd-savings/cd-rates/truth-in-savings,2026-10-05
competitor,Incoming domestic wire,Reliance Federal Credit Union,5,,,,,,,Wire Transfer (Incoming Only) | $5.00,https://reliancefcu.com/fee-schedule,2026-10-05
competitor,Incoming domestic wire,Utilities Employees Federal Credit Union,5,,,,,,,"Incoming Wire Transfer Service (UECU may deduct additional processing fees charged by intermediary financial institutions. To avoid additional fees, contact the Credit Union at 800.288.6423 or click here for wire instructions.) | $5.00 per ",https://uecu.org/feeschedule/,2026-10-07
competitor,Incoming domestic wire,Penn Community Bank,12,,,,,,,"Incoming, Domestic | $12",https://www.penncommunitybank.com/wp-content/uploads/2025/06/consumer-deposit-account-schedule-of-fees-effective-061625.pdf,2026-10-05
competitor,Incoming domestic wire,"Santander Bank, N.A.",13,,,,,,,Incoming Wire Transfer Fee | $13 | No fee for Santander Select Checking or Santander Select,https://assets.santandermedia.com/adobe/assets/urn:aaid:aem:d2633f00-884e-46c4-a669-0004b2a6c584/original/as/Personal-Deposit-Account-Fee-Schedule.pdf,2026-10-08
competitor,Incoming domestic wire,"Bank of America, National Association",15,,,,,,,Outgoing (U.S. or International) | • Domestic incoming wire: $15 | Interest Checking and Bank of America Advantage® Regular Checking accounts plus clients,https://www.bankofamerica.com/salesservices/deposits/resources/personal-schedule-fees/?cm_mmc=EBZ-FactsAboutFees-_-vanity-_-RC01VN000A_fees-_-03282017,2026-10-08
competitor,Incoming domestic wire,"PNC Bank, National Association",15,,,,,,,Incoming ........................................................................................................................................ $15.00 each,https://www.pnc.com/content/dam/pnc-com/pdf/personal/Checking/fees-vw-A.pdf,2026-10-06
competitor,Incoming domestic wire,Truist Bank,15,,,,,,,Incoming Domestic1 | $15.00 per transfer,https://www.truist.com/content/dam/truist-bank/us/en/documents/rates-fees/personal/truist-one-personal-deposit-accounts-fee-schedule.pdf,2026-10-08
competitor,Incoming domestic wire,First Citizens Community Bank,15,,,,,,,Wire Transfer Incoming (customers only) | $15,https://www.firstcitizensbank.com/_/kcms-doc/263/90572/03.01.2025-FCCB-Fee-Schedule.pdf,2026-10-07
competitor,Incoming domestic wire,"Wilmington Savings Fund Society, FSB",16,,,,,,,Incoming – $16.00,https://www.wsfsbank.com/personal/banking/deposit-services-cost-summary/,2026-10-05
competitor,Stop payment,First National Bank of Pennsylvania,10,,,,,,,Stop Payment Request | $10.00 each | Private Banking Select Plus Checking | No charge,https://www.fnb-online.com/-/media/fnbonline/files/feature/applicationdocuments/consumer-fee-schedule.pdf,2026-10-06
competitor,Stop payment,Reliance Federal Credit Union,10,,,,,,,Stop Payment | $10.00,https://reliancefcu.com/fee-schedule,2026-10-05
competitor,Stop payment,3Hill Federal Credit Union,15,,,,,,,Stop Payment of Check (Single Item) | $15.00,https://my.homecu.net/fi/nbcu/pdf/fees.pdf,2026-10-08
competitor,Stop payment,Customers Bank,20,,,,,,,Stop Payment | $20.00,https://www.customersbank.com/consumer-disclosures/,2026-10-07
competitor,Stop payment,Meridian Bank,25,,,,,,,Stop Payment | $25,https://www.meridianbanker.com/fee-schedule/,2026-10-07
competitor,Stop payment,Diamond Federal Credit Union,25,,,,,,,Stop Payment of Corporate Check | $25.00 | Minimum Balance2- Marquee Money Market | $4.95,https://diamondcu.org/wp-content/uploads/Member-Fee-Schedule.pdf,2026-10-08
competitor,Stop payment,"Bank of America, National Association",30,,,,,,,"Stop Payment Fee | $30.00 each request | • Bank of America Advantage Relationship Banking, Bank of America Advantage® with Tiered",https://www.bankofamerica.com/salesservices/deposits/resources/personal-schedule-fees/?cm_mmc=EBZ-FactsAboutFees-_-vanity-_-RC01VN000A_fees-_-03282017,2026-10-08
competitor,Stop payment,"Wells Fargo Bank, National Association",30,,,,,,,Stop payment | $30,https://www.wellsfargo.com/checking/clear-access-banking/account-fees-summary/,2026-10-09
competitor,Stop payment,"TD Bank, National Association",30,,,,,,,(including mini-statements) . . . . . . . . . . . . . . . . . . . . . . . . . . . . . . . . . . . . Free | Check & ACH Stop Payment (per item)8 . . . . . . . . . . . . . . . . . . . . . . . . $ 30.00,https://www.td.com/content/dam/tdb/document/pdf/personal-banking/1-fees-en.pdf,2026-10-06
competitor,Stop payment,Penn Community Bank,30,,,,,,,Stop payment | $30,https://www.penncommunitybank.com/wp-content/uploads/2025/06/consumer-deposit-account-schedule-of-fees-effective-061625.pdf,2026-10-05
competitor,Stop payment,Riverfront Federal Credit Union,30,,,,,,,Stop payment ....................................................................... $30 | • Dealer direct auto loan ............................. 2% of loan payment,https://riverfrontfcu.org/PDFs/Rate-and-Fee-Disclosure/Rate-and-Fee-Disclosure.pdf,2026-10-07
competitor,Stop payment,"PNC Bank, National Association",33,,,,,,,Stop Payment .................................................................................................................................... $33.00 each,https://www.pnc.com/content/dam/pnc-com/pdf/personal/Checking/fees-vw-A.pdf,2026-10-06
competitor,Stop payment,KeyBank National Association,34,,,,,,,$34.00 Stop Payment Charge when you request KeyBank cancel a scheduled payment or check. Please,https://www.key.com/content/dam/kco/documents/personal/key_smart_checking_fee_transparency.pdf,2026-10-07
competitor,Stop payment,Truist Bank,35,,,,,,,Stop Payment Fee1 | $35.00 each,https://www.truist.com/content/dam/truist-bank/us/en/documents/rates-fees/personal/truist-one-personal-deposit-accounts-fee-schedule.pdf,2026-10-05
competitor,Stop payment,"Citizens Bank, National Association",35,,,,,,,Stop Payment1 | $35 Per item,https://www.citizensbank.com/dam/ceb2aa29-d6d9-4973-8a02-b3fa012f5f28/personal-fees-original-file.pdf,2026-10-09
competitor,Stop payment,Manufacturers and Traders Trust Company,35,,,,,,,Stop Payment Fee | $35.00 per item.,https://www.mtb.com/content/dam/mtb-web/pdfs/checking.fee.transparency.guide.pdf,2026-10-06
competitor,Stop payment,"Fulton Bank, National Association",35,,,,,,,Zelle® Stop Payment Fee3 | $35.00,https://www.fultonbank.com/-/media/Files/Disclosures/CRA/PDFs/Retail-Banking-Services/2024/Fee-Schedules_combined.pdf,2026-10-05
competitor,Stop payment,"Wilmington Savings Fund Society, FSB",35,,,,,,,Stop Payment – $35 (per item),https://www.wsfsbank.com/personal/banking/checking/everyday-banking/account-details/,2026-10-06
competitor,Stop payment,Woodforest National Bank,35,,,,,,,Stop Payment | $35.00,https://www.woodforest.com/media/45xbzrow/fee-sched-wnb_2025.pdf,2026-10-07
competitor,Stop payment,Tompkins Community Bank,35,,,,,,,Stop Payment (Check or ACH) $35.00 per transaction,https://www.tompkinsbank.com/assets/files/rBHd2T2p,2026-10-06
competitor,Stop payment,First Citizens Community Bank,35,,,,,,,Stop Payment | $35 per request,https://www.firstcitizensbank.com/_/kcms-doc/263/90572/03.01.2025-FCCB-Fee-Schedule.pdf,2026-10-07
competitor,Stop payment,The Bank of Princeton,35,,,,,,,Stop Payment Order – Checks or ACH per item $35.00,https://thebankofprinceton.com/assets/files/hH0xcC7R,2026-10-08
competitor,Stop payment,QNB Bank,35,,,,,,,Stop payment service charge6 | $35.00,https://www.qnbbank.com/personal/personal-fee-schedule/,2026-10-07
competitor,Stop payment,"Jonestown Bank and Trust Company, of Jonestown, Pennsylvania",35,,,,,,,• Stop payments... $35.00,https://www.jbt.bank/fee-schedule/,2026-10-08
competitor,Stop payment,The Ephrata National Bank,37,,,,,,,Stop Payment$37/Request,https://www.epnb.com/schedule-of-service-fees/,2026-10-05
competitor,Cashier's check,Beal Bank USA,3,,,,,,,Cashier's Check (customer) | $3.00,https://www.bealbank.com/bbusa/cd-savings/cd-rates/truth-in-savings,2026-10-05
competitor,Cashier's check,Tompkins Community Bank,5,,,,,,,»Cashier/Official Check $5.00 per check,https://www.tompkinsbank.com/assets/files/rBHd2T2p,2026-10-06
competitor,Cashier's check,First Citizens Community Bank,5,,,,,,,Cashier’s Check fee (Customers only ) | $5,https://www.firstcitizensbank.com/_/kcms-doc/263/90572/03.01.2025-FCCB-Fee-Schedule.pdf,2026-10-07
competitor,Cashier's check,Woori America Bank,7,,,,,,,Cashier's/Certified Check | $7 /check | - Domestic (U.S) | $30 / $25,https://www.wooriamericabank.com/Fee-Schedule,2026-10-04
competitor,Cashier's check,Penn Community Bank,7,,,,,,,Bank check | $7,https://www.penncommunitybank.com/wp-content/uploads/2025/06/consumer-deposit-account-schedule-of-fees-effective-061625.pdf,2026-10-05
competitor,Cashier's check,"TD Bank, National Association",8,,,,,,,Official checks . . . . . . . . . . . . . . . . . . . . . . . . . . . . . . . . . . . . . . . . . . . . . $ 8.00 | Foreign currency banknotes (in Store and online orders)7 . . . . . . . . . . . $ 7.50,https://www.td.com/content/dam/tdb/document/pdf/personal-banking/1-fees-en.pdf,2026-10-06
competitor,Cashier's check,KeyBank National Association,8,,,,,,,$8.00 Official Bank Check for each purchased,https://www.key.com/content/dam/kco/documents/personal/key_smart_checking_fee_transparency.pdf,2026-10-07
competitor,Cashier's check,Firstrust Savings Bank,8,,,,,,,Official check8 | $8 | • International outgoing 7 (U.S. Dollars) | $36,https://file.firstrust.com/agreements/retail-banking-fee-schedule.pdf,2026-10-05
competitor,Cashier's check,QNB Bank,8,,,,,,,Money order/Cashier check fee3 | $8.00,https://www.qnbbank.com/personal/personal-fee-schedule/,2026-10-03
competitor,Cashier's check,"Wells Fargo Bank, National Association",10,,,,,,,Cashier's checks footnote 2 | $10,https://www.wellsfargo.com/checking/clear-access-banking/account-fees-summary/,2026-10-09
competitor,Cashier's check,"PNC Bank, National Association",10,,,,,,,Cashier’s Checks .............................................................................................................................. $10.00 each,https://www.pnc.com/content/dam/pnc-com/pdf/personal/Checking/fees-vw-A.pdf,2026-10-06
competitor,Cashier's check,Truist Bank,10,,,,,,,Official Check2 | $10.00 per item,https://www.truist.com/content/dam/truist-bank/us/en/documents/rates-fees/personal/truist-one-personal-deposit-accounts-fee-schedule.pdf,2026-10-08
competitor,Cashier's check,"Citizens Bank, National Association",10,,,,,,,Official Bank Check1 | $10,https://www.citizensbank.com/dam/ceb2aa29-d6d9-4973-8a02-b3fa012f5f28/personal-fees-original-file.pdf,2026-10-09
competitor,Cashier's check,Manufacturers and Traders Trust Company,10,,,,,,,Fees and Fees | Official Check Fee | $10.00 per item (excluding MyChoice Premium accounts).,https://www.mtb.com/content/dam/mtb-web/pdfs/checking.fee.transparency.guide.pdf,2026-10-06
competitor,Cashier's check,"Santander Bank, N.A.",10,,,,,,,Official Bank Check | $10 | No fee when you use your Santander Select Checking or,https://assets.santandermedia.com/adobe/assets/urn:aaid:aem:d2633f00-884e-46c4-a669-0004b2a6c584/original/as/Personal-Deposit-Account-Fee-Schedule.pdf,2026-10-08
competitor,Cashier's check,First National Bank of Pennsylvania,10,,,,,,,Official Checks $10.00 | ATM/Debit Card Replacement $10.00,https://www.fnb-online.com/feeschedule,2026-10-05
competitor,Cashier's check,Customers Bank,10,,,,,,,Cashier’s Check | $10.00,https://www.customersbank.com/consumer-disclosures/,2026-10-07
competitor,Cashier's check,"Wilmington Savings Fund Society, FSB",10,,,,,,,Cashier’s Check – $10.00,https://www.wsfsbank.com/personal/banking/deposit-services-cost-summary/,2026-10-05
competitor,Cashier's check,Woodforest National Bank,10,,,,,,,Cashier’s Checks | $10.00,https://www.woodforest.com/media/45xbzrow/fee-sched-wnb_2025.pdf,2026-10-07
competitor,Cashier's check,Meridian Bank,10,,,,,,,Cashiers Checks | $10,https://www.meridianbanker.com/fee-schedule/,2026-10-07
competitor,Cashier's check,The Bank of Princeton,10,,,,,,,Official Check $10.00,https://thebankofprinceton.com/assets/files/hH0xcC7R,2026-10-08
competitor,Cashier's check,"Fulton Bank, National Association",11,,,,,,,Cashier Check Fee* | $11.00,https://www.fultonbank.com/-/media/Files/Disclosures/CRA/PDFs/Retail-Banking-Services/2024/Fee-Schedules_combined.pdf,2026-10-05
competitor,Cashier's check,The Ephrata National Bank,12,,,,,,,Cashier’s Checks$12 Each,https://www.epnb.com/schedule-of-service-fees/,2026-10-05
competitor,Cashier's check,"Jonestown Bank and Trust Company, of Jonestown, Pennsylvania",15,,,,,,,• Treasurer's checks... $15.00,https://www.jbt.bank/fee-schedule/,2026-10-08
competitor,Cashier's check,Utilities Employees Federal Credit Union,20,,,,,,,"Stop Payment (check, ACH, withdrawal check, loan check, Treasurer’s Check)* | $20.00 per item",https://uecu.org/feeschedule/,2026-10-05
competitor,Paper statement,Reliance Federal Credit Union,1,,,,,,,Monthly Paper Statement Processing Fee | $1.00,https://reliancefcu.com/fee-schedule,2026-10-03
competitor,Paper statement,"PNC Bank, National Association",3,,,,,,,Paper Statement ............................................................................................................................... $3.00 per statement period per,https://www.pnc.com/content/dam/pnc-com/pdf/personal/Checking/fees-vw-A.pdf,2026-10-06
competitor,Paper statement,"TD Bank, National Association",3,,,,,,,"Paper statements | $3 monthly fee | Free for customers aged 60+, otherwise $3 monthly fee | $1 monthly fee",https://www.td.com/us/en/personal-banking/checking-accounts?cm_sp=b000-80-0591,2026-10-06
competitor,Paper statement,"Santander Bank, N.A.",3,,,,,,,Paper Statement Fee | $3 | Per statement. $2 for Santander Essential Checking. No fee for,https://assets.santandermedia.com/adobe/assets/urn:aaid:aem:d2633f00-884e-46c4-a669-0004b2a6c584/original/as/Personal-Deposit-Account-Fee-Schedule.pdf,2026-10-08
competitor,Paper statement,"Wilmington Savings Fund Society, FSB",3,,,,,,,Paper Statement Charge – $3 per statement period and is waived when enrolled in online statements within 2 months of account opening.,https://www.wsfsbank.com/personal/banking/checking/everyday-banking/account-details/,2026-10-06
competitor,Paper statement,Woodforest National Bank,3,,,,,,,Paper Statement Fee1 | $3.00,https://www.woodforest.com/media/45xbzrow/fee-sched-wnb_2025.pdf,2026-10-07
competitor,Paper statement,Woori America Bank,3,,,,,,,Paper Statement Fee4 | $3 | Bank Confirmation Letter | $10 /each,https://www.wooriamericabank.com/Fee-Schedule,2026-10-04
competitor,Paper statement,Meridian Bank,5,,,,,,,Paper Statement Fee (per month) | $5 per mailed statement,https://www.meridianbanker.com/fee-schedule/,2026-10-07
competitor,Paper statement,"Fulton Bank, National Association",10,,,,,,,Paper Account Statements | $10.00 | Each Acct/Per,https://www.fultonbank.com/-/media/Files/Disclosures/CRA/PDFs/Retail-Banking-Services/2024/Fee-Schedules_combined.pdf,2026-10-05
competitor,Debit card replacement,"Fulton Bank, National Association",5,,,,,,,VISA Debit/ATM Card Replacement Fee* | $5.00,https://www.fultonbank.com/-/media/Files/Disclosures/CRA/PDFs/Retail-Banking-Services/2024/Fee-Schedules_combined.pdf,2026-10-05
competitor,Debit card replacement,Customers Bank,5,,,,,,,Replacement ATM/Debit Card | $5.00,https://www.customersbank.com/consumer-disclosures/,2026-10-07
competitor,Debit card replacement,"Wilmington Savings Fund Society, FSB",5,,,,,,,Replacement ATM/Debit Card – $5.00,https://www.wsfsbank.com/personal/banking/deposit-services-cost-summary/,2026-10-05
competitor,Debit card replacement,Firstrust Savings Bank,5,,,,,,,• VISA debit/ATM card replacement | $5 | • Lost keys,https://file.firstrust.com/agreements/retail-banking-fee-schedule.pdf,2026-10-05
competitor,Debit card replacement,Meridian Bank,5,,,,,,,Damaged Debit/ATM Card Replacement | $5,https://www.meridianbanker.com/fee-schedule/,2026-10-07
competitor,Debit card replacement,Utilities Employees Federal Credit Union,5,,,,,,,Replacement Card Fee (per card) | $5.00,https://uecu.org/feeschedule/,2026-10-07
competitor,Debit card replacement,Diamond Federal Credit Union,5,,,,,,,Replacement Card (first request FREE) | $5.00 | Transfer Overdraft- Line of Credit | $5.00 | assessed at the time of closing on,https://diamondcu.org/wp-content/uploads/Member-Fee-Schedule.pdf,2026-10-08
competitor,Debit card replacement,3Hill Federal Credit Union,6.5,,,,,,,ATM/Debit Card Replacement Card Fee | $6.50,https://my.homecu.net/fi/nbcu/pdf/fees.pdf,2026-10-08
competitor,Debit card replacement,QNB Bank,8,,,,,,,Debit Card replacement fee | $8.00,https://www.qnbbank.com/personal/personal-fee-schedule/,2026-10-07
competitor,Debit card replacement,First National Bank of Pennsylvania,10,,,,,,,Official Checks $10.00 | ATM/Debit Card Replacement $10.00,https://www.fnb-online.com/feeschedule,2026-10-05
competitor,Debit card replacement,Woodforest National Bank,10,,,,,,,Debit Card Replacement | $10.00,https://www.woodforest.com/media/45xbzrow/fee-sched-wnb_2025.pdf,2026-10-07
competitor,Debit card replacement,First Citizens Community Bank,10,,,,,,,Replacement Debit card | $10,https://www.firstcitizensbank.com/_/kcms-doc/263/90572/03.01.2025-FCCB-Fee-Schedule.pdf,2026-10-07
competitor,Debit card replacement,The Bank of Princeton,10,,,,,,,Debit Card Replacement (for lost cards) $10.00,https://thebankofprinceton.com/assets/files/hH0xcC7R,2026-10-08
competitor,Debit card replacement,The Ephrata National Bank,10,,,,,,,ATM/Debit Card Replacement$10/Card,https://www.epnb.com/schedule-of-service-fees/,2026-10-05
competitor,Debit card replacement,"Jonestown Bank and Trust Company, of Jonestown, Pennsylvania",10,,,,,,,• Replacement debit or ATM card... $10.00,https://www.jbt.bank/fee-schedule/,2026-10-08
competitor,Debit card replacement,Riverfront Federal Credit Union,10,,,,,,,Lost/stolen card .................................................................... $10,https://riverfrontfcu.org/PDFs/Rate-and-Fee-Disclosure/Rate-and-Fee-Disclosure.pdf,2026-10-07
competitor,Debit card replacement,"Citizens Bank, National Association",12,,,,,,,Card Replacement Request3 | $12 Expedited Card Delivery Fee,https://www.citizensbank.com/dam/ceb2aa29-d6d9-4973-8a02-b3fa012f5f28/personal-fees-original-file.pdf,2026-10-09
competitor,Debit card replacement,Pagoda Federal Credit Union,30,,,,,,,"Variable Rate Information, Does Not Apply, Grace Period For Repayment Of Balance For Purchases, 25 Days, Annual Fee, None, Transaction Fee for Purchases, None, Cash Advance Fee, None, Late Payment Fee, $25.00, Card Replacement Fee, $30.00, ",https://www.pagodafcu.org/fees,2026-10-05
competitor,Deposited item returned,Beal Bank USA,7.5,,,,,,,Returned deposits per item | $7.50,https://www.bealbank.com/bbusa/cd-savings/cd-rates/truth-in-savings,2026-10-05
competitor,Deposited item returned,Firstrust Savings Bank,12,,,,,,,Deposit item returned | $12 | • Bank statement in branch | $1,https://file.firstrust.com/agreements/retail-banking-fee-schedule.pdf,2026-10-05
competitor,Deposited item returned,First Citizens Community Bank,15,,,,,,,Deposited Item Returned | $15,https://www.firstcitizensbank.com/_/kcms-doc/263/90572/03.01.2025-FCCB-Fee-Schedule.pdf,2026-10-07
competitor,Deposited item returned,Meridian Bank,15,,,,,,,Chargeback $15,https://www.meridianbanker.com/fee-schedule/,2026-10-07
competitor,Deposited item returned,The Bank of Princeton,15,,,,,,,Return Deposited Item $15.00,https://thebankofprinceton.com/assets/files/hH0xcC7R,2026-10-08
competitor,Deposited item returned,The Ephrata National Bank,15,,,,,,,Deposited Item Returned$15/Item,https://www.epnb.com/schedule-of-service-fees/,2026-10-05
competitor,Deposited item returned,Utilities Employees Federal Credit Union,15,,,,,,,"Returned Deposited Item (check, ACH) | $15.00 per item",https://uecu.org/feeschedule/,2026-10-07
competitor,Deposited item returned,"Jonestown Bank and Trust Company, of Jonestown, Pennsylvania",20,,,,,,,• Returned deposit items... $20.00,https://www.jbt.bank/fee-schedule/,2026-10-08
competitor,Deposited item returned,Riverfront Federal Credit Union,25,,,,,,,Account research | Returned deposit item ............................................ $25/per item,https://riverfrontfcu.org/PDFs/Rate-and-Fee-Disclosure/Rate-and-Fee-Disclosure.pdf,2026-10-07
competitor,Deposited item returned,3Hill Federal Credit Union,25,,,,,,,Returned Deposit Item (in office/ATM/mobile deposit) | $25.00,https://my.homecu.net/fi/nbcu/pdf/fees.pdf,2026-10-08
competitor,Deposited item returned,Reliance Federal Credit Union,35,,,,,,,Deposited Checks Returned Unpaid | $35.00,https://reliancefcu.com/fee-schedule,2026-10-03
